{
	"domain": "furb",
	"service": "basico",
	"version": "3.0.0",
	"properties": [
	{
		"key": "db.url",
		"master": true,
		"scope": "service",
		"level": "infra",
		"type": "string",
		"label": "Url de conexão da base de dados.",
		"comment": null,
		"defaultValue": null,
		"minValue": null,
		"maxValue": null,
		"required": true,
		"regEx": null,
		"hashTags": null,
		"forceUpdateValue": false,
		"actionRead": null,
		"actionWrite": null
	},
	{
		"key": "db.username",
		"master": true,
		"scope": "service",
		"level": "infra",
		"type": "string",
		"label": "Usuário de conexão com a base de dados.",
		"comment": null,
		"defaultValue": null,
		"minValue": null,
		"maxValue": null,
		"required": true,
		"regEx": null,
		"hashTags": null,
		"forceUpdateValue": false,
		"actionRead": null,
		"actionWrite": null
	},
	{
		"key": "db.password",
		"master": true,
		"scope": "service",
		"level": "infra",
		"type": "string",
		"label": "Senha de conexão com a base de dados.",
		"comment": null,
		"defaultValue": null,
		"minValue": null,
		"maxValue": null,
		"required": true,
		"regEx": null,
		"hashTags": null,
		"forceUpdateValue": false,
		"actionRead": null,
		"actionWrite": null
	},
	{
		"key": "db.schema.name",
		"master": true,
		"scope": "service",
		"level": "infra",
		"type": "string",
		"label": "Nome do schema.",
		"comment": null,
		"defaultValue": null,
		"minValue": null,
		"maxValue": null,
		"required": false,
		"regEx": null,
		"hashTags": null,
		"forceUpdateValue": false,
		"actionRead": null,
		"actionWrite": null
	}
	]
}
