<service appName="furb-basico" domain="furb" name="basico" version="${version}">
    <commands>
        <query name="retornaFilmesByDiretor" idempotent="false" extensionPoint="false" visibility="PRIVATE">
            <input>
                <slot name="diretor" type="string" optional="false" multivalued="false"/>
            </input>
            <output>
                <slot name="filmes" type="filme" optional="false" multivalued="true"/>
            </output>
        </query>
        <query name="retornaFilmesByGenero" idempotent="false" extensionPoint="false" visibility="PRIVATE">
            <input>
                <slot name="genero" type="string" optional="false" multivalued="false"/>
            </input>
            <output>
                <slot name="filmes" type="filme" optional="false" multivalued="true"/>
            </output>
        </query>
        <query name="getMetadata" idempotent="false" extensionPoint="false" visibility="PRIVATE">
            <input>
                <slot name="metadataFormat" type="string" optional="true" multivalued="false"/>
            </input>
            <output>
                <slot name="metadata" type="string" optional="false" multivalued="false"/>
            </output>
        </query>
        <action name="importGenero" idempotent="false" extensionPoint="false" visibility="PUBLIC">
            <input>
                <slot name="config" type="importConfig" optional="false" multivalued="false"/>
            </input>
            <output>
                <slot name="importJobId" type="string" optional="false" multivalued="false"/>
            </output>
        </action>
        <query name="exportGenero" idempotent="false" extensionPoint="false" visibility="PUBLIC">
            <input>
                <slot name="config" type="exportConfig" optional="false" multivalued="false"/>
            </input>
            <output>
                <slot name="exportJobId" type="string" optional="false" multivalued="false"/>
            </output>
        </query>
        <action name="importDiretor" idempotent="false" extensionPoint="false" visibility="PUBLIC">
            <input>
                <slot name="config" type="importConfig" optional="false" multivalued="false"/>
            </input>
            <output>
                <slot name="importJobId" type="string" optional="false" multivalued="false"/>
            </output>
        </action>
        <query name="exportDiretor" idempotent="false" extensionPoint="false" visibility="PUBLIC">
            <input>
                <slot name="config" type="exportConfig" optional="false" multivalued="false"/>
            </input>
            <output>
                <slot name="exportJobId" type="string" optional="false" multivalued="false"/>
            </output>
        </query>
        <action name="importAtor" idempotent="false" extensionPoint="false" visibility="PUBLIC">
            <input>
                <slot name="config" type="importConfig" optional="false" multivalued="false"/>
            </input>
            <output>
                <slot name="importJobId" type="string" optional="false" multivalued="false"/>
            </output>
        </action>
        <query name="exportAtor" idempotent="false" extensionPoint="false" visibility="PUBLIC">
            <input>
                <slot name="config" type="exportConfig" optional="false" multivalued="false"/>
            </input>
            <output>
                <slot name="exportJobId" type="string" optional="false" multivalued="false"/>
            </output>
        </query>
        <action name="importFilme" idempotent="false" extensionPoint="false" visibility="PUBLIC">
            <input>
                <slot name="config" type="importConfig" optional="false" multivalued="false"/>
            </input>
            <output>
                <slot name="importJobId" type="string" optional="false" multivalued="false"/>
            </output>
        </action>
        <query name="exportFilme" idempotent="false" extensionPoint="false" visibility="PUBLIC">
            <input>
                <slot name="config" type="exportConfig" optional="false" multivalued="false"/>
            </input>
            <output>
                <slot name="exportJobId" type="string" optional="false" multivalued="false"/>
            </output>
        </query>
        <list name="listGenero" idempotent="false" extensionPoint="false" visibility="PUBLIC">
            <input>
                <slot name="offset" type="integer" optional="false" multivalued="false"/>
                <slot name="size" type="integer" optional="false" multivalued="false"/>
                <slot name="orderBy" type="string" optional="false" multivalued="false"/>
                <slot name="filter" type="string" optional="false" multivalued="false"/>
                <slot name="displayFields" type="string" optional="false" multivalued="true"/>
            </input>
            <output>
                <slot name="contents" type="genero" optional="false" multivalued="true"/>
            </output>
        </list>
        <list name="listDiretor" idempotent="false" extensionPoint="false" visibility="PUBLIC">
            <input>
                <slot name="offset" type="integer" optional="false" multivalued="false"/>
                <slot name="size" type="integer" optional="false" multivalued="false"/>
                <slot name="orderBy" type="string" optional="false" multivalued="false"/>
                <slot name="filter" type="string" optional="false" multivalued="false"/>
                <slot name="displayFields" type="string" optional="false" multivalued="true"/>
            </input>
            <output>
                <slot name="contents" type="diretor" optional="false" multivalued="true"/>
            </output>
        </list>
        <list name="listAtor" idempotent="false" extensionPoint="false" visibility="PUBLIC">
            <input>
                <slot name="offset" type="integer" optional="false" multivalued="false"/>
                <slot name="size" type="integer" optional="false" multivalued="false"/>
                <slot name="orderBy" type="string" optional="false" multivalued="false"/>
                <slot name="filter" type="string" optional="false" multivalued="false"/>
                <slot name="displayFields" type="string" optional="false" multivalued="true"/>
            </input>
            <output>
                <slot name="contents" type="ator" optional="false" multivalued="true"/>
            </output>
        </list>
        <list name="listFilme" idempotent="false" extensionPoint="false" visibility="PUBLIC">
            <input>
                <slot name="offset" type="integer" optional="false" multivalued="false"/>
                <slot name="size" type="integer" optional="false" multivalued="false"/>
                <slot name="orderBy" type="string" optional="false" multivalued="false"/>
                <slot name="filter" type="string" optional="false" multivalued="false"/>
                <slot name="displayFields" type="string" optional="false" multivalued="true"/>
            </input>
            <output>
                <slot name="contents" type="filme" optional="false" multivalued="true"/>
            </output>
        </list>
        <query name="getDependencies" idempotent="false" extensionPoint="false" visibility="PUBLIC">
            <output>
                <slot name="dependencies" type="dependency" optional="false" multivalued="true"/>
            </output>
        </query>
        <create name="createGenero" idempotent="false" extensionPoint="false" visibility="PUBLIC">
            <input type="genero"/>
            <output type="genero"/>
        </create>
        <createBulk name="createBulkGenero" idempotent="false" extensionPoint="false" visibility="PUBLIC">
            <input>
                <slot name="entities" type="genero" optional="false" multivalued="true"/>
            </input>
            <output>
            </output>
        </createBulk>
        <createMerge name="createMergeGenero" idempotent="false" extensionPoint="false" visibility="PUBLIC">
            <input type="genero"/>
            <output type="genero"/>
        </createMerge>
        <retrieve name="retrieveGenero" idempotent="false" extensionPoint="false" visibility="PUBLIC">
            <input>
                <slot name="id" type="string" format="uuid" optional="false" multivalued="false"/>
            </input>
            <output type="genero"/>
        </retrieve>
        <update name="updateGenero" idempotent="false" extensionPoint="false" visibility="PUBLIC">
            <input type="genero"/>
            <output type="genero"/>
        </update>
        <updateMerge name="updateMergeGenero" idempotent="false" extensionPoint="false" visibility="PUBLIC">
            <input type="genero"/>
            <output type="genero"/>
        </updateMerge>
        <delete name="deleteGenero" idempotent="false" extensionPoint="false" visibility="PUBLIC">
            <input>
                <slot name="id" type="string" format="uuid" optional="false" multivalued="false"/>
            </input>
        </delete>
        <create name="createDiretor" idempotent="false" extensionPoint="false" visibility="PUBLIC">
            <input type="diretor"/>
            <output type="diretor"/>
        </create>
        <createBulk name="createBulkDiretor" idempotent="false" extensionPoint="false" visibility="PUBLIC">
            <input>
                <slot name="entities" type="diretor" optional="false" multivalued="true"/>
            </input>
            <output>
            </output>
        </createBulk>
        <createMerge name="createMergeDiretor" idempotent="false" extensionPoint="false" visibility="PUBLIC">
            <input type="diretor"/>
            <output type="diretor"/>
        </createMerge>
        <retrieve name="retrieveDiretor" idempotent="false" extensionPoint="false" visibility="PUBLIC">
            <input>
                <slot name="id" type="string" format="uuid" optional="false" multivalued="false"/>
            </input>
            <output type="diretor"/>
        </retrieve>
        <update name="updateDiretor" idempotent="false" extensionPoint="false" visibility="PUBLIC">
            <input type="diretor"/>
            <output type="diretor"/>
        </update>
        <updateMerge name="updateMergeDiretor" idempotent="false" extensionPoint="false" visibility="PUBLIC">
            <input type="diretor"/>
            <output type="diretor"/>
        </updateMerge>
        <delete name="deleteDiretor" idempotent="false" extensionPoint="false" visibility="PUBLIC">
            <input>
                <slot name="id" type="string" format="uuid" optional="false" multivalued="false"/>
            </input>
        </delete>
        <create name="createAtor" idempotent="false" extensionPoint="false" visibility="PUBLIC">
            <input type="ator"/>
            <output type="ator"/>
        </create>
        <createBulk name="createBulkAtor" idempotent="false" extensionPoint="false" visibility="PUBLIC">
            <input>
                <slot name="entities" type="ator" optional="false" multivalued="true"/>
            </input>
            <output>
            </output>
        </createBulk>
        <createMerge name="createMergeAtor" idempotent="false" extensionPoint="false" visibility="PUBLIC">
            <input type="ator"/>
            <output type="ator"/>
        </createMerge>
        <retrieve name="retrieveAtor" idempotent="false" extensionPoint="false" visibility="PUBLIC">
            <input>
                <slot name="id" type="string" format="uuid" optional="false" multivalued="false"/>
            </input>
            <output type="ator"/>
        </retrieve>
        <update name="updateAtor" idempotent="false" extensionPoint="false" visibility="PUBLIC">
            <input type="ator"/>
            <output type="ator"/>
        </update>
        <updateMerge name="updateMergeAtor" idempotent="false" extensionPoint="false" visibility="PUBLIC">
            <input type="ator"/>
            <output type="ator"/>
        </updateMerge>
        <delete name="deleteAtor" idempotent="false" extensionPoint="false" visibility="PUBLIC">
            <input>
                <slot name="id" type="string" format="uuid" optional="false" multivalued="false"/>
            </input>
        </delete>
        <create name="createFilme" idempotent="false" extensionPoint="false" visibility="PUBLIC">
            <input type="filme"/>
            <output type="filme"/>
        </create>
        <createBulk name="createBulkFilme" idempotent="false" extensionPoint="false" visibility="PUBLIC">
            <input>
                <slot name="entities" type="filme" optional="false" multivalued="true"/>
            </input>
            <output>
            </output>
        </createBulk>
        <createMerge name="createMergeFilme" idempotent="false" extensionPoint="false" visibility="PUBLIC">
            <input type="filme"/>
            <output type="filme"/>
        </createMerge>
        <retrieve name="retrieveFilme" idempotent="false" extensionPoint="false" visibility="PUBLIC">
            <input>
                <slot name="id" type="string" format="uuid" optional="false" multivalued="false"/>
            </input>
            <output type="filme"/>
        </retrieve>
        <update name="updateFilme" idempotent="false" extensionPoint="false" visibility="PUBLIC">
            <input type="filme"/>
            <output type="filme"/>
        </update>
        <updateMerge name="updateMergeFilme" idempotent="false" extensionPoint="false" visibility="PUBLIC">
            <input type="filme"/>
            <output type="filme"/>
        </updateMerge>
        <delete name="deleteFilme" idempotent="false" extensionPoint="false" visibility="PUBLIC">
            <input>
                <slot name="id" type="string" format="uuid" optional="false" multivalued="false"/>
            </input>
        </delete>
    </commands>
    <signals>
    </signals>
    <events>
        <event name="serviceStarted" extensionPoint="false" visibility="PRIVATE">
            <payload>
                <slot name="domain" type="string" optional="false" multivalued="false"/>
                <slot name="service" type="string" optional="false" multivalued="false"/>
            </payload>
        </event>
        <event name="notifyUserEvent" extensionPoint="false" visibility="PRIVATE">
            <payload type="notifyUserEventPayload"/>
        </event>
        <event name="importGeneroEvent" extensionPoint="false" visibility="PUBLIC">
            <payload>
                <slot name="eventpl" type="importEventStatus" optional="false" multivalued="false"/>
            </payload>
        </event>
        <event name="exportGeneroEvent" extensionPoint="false" visibility="PUBLIC">
            <payload>
                <slot name="eventpl" type="exportEventStatus" optional="false" multivalued="false"/>
            </payload>
        </event>
        <event name="importDiretorEvent" extensionPoint="false" visibility="PUBLIC">
            <payload>
                <slot name="eventpl" type="importEventStatus" optional="false" multivalued="false"/>
            </payload>
        </event>
        <event name="exportDiretorEvent" extensionPoint="false" visibility="PUBLIC">
            <payload>
                <slot name="eventpl" type="exportEventStatus" optional="false" multivalued="false"/>
            </payload>
        </event>
        <event name="importAtorEvent" extensionPoint="false" visibility="PUBLIC">
            <payload>
                <slot name="eventpl" type="importEventStatus" optional="false" multivalued="false"/>
            </payload>
        </event>
        <event name="exportAtorEvent" extensionPoint="false" visibility="PUBLIC">
            <payload>
                <slot name="eventpl" type="exportEventStatus" optional="false" multivalued="false"/>
            </payload>
        </event>
        <event name="importFilmeEvent" extensionPoint="false" visibility="PUBLIC">
            <payload>
                <slot name="eventpl" type="importEventStatus" optional="false" multivalued="false"/>
            </payload>
        </event>
        <event name="exportFilmeEvent" extensionPoint="false" visibility="PUBLIC">
            <payload>
                <slot name="eventpl" type="exportEventStatus" optional="false" multivalued="false"/>
            </payload>
        </event>
    </events>
    <records>
        <record name="genero">
            <slot name="id" type="string" format="uuid" optional="true" multivalued="false"/>
            <slot name="nome" type="string" optional="false" multivalued="false"/>
        </record>
        <record name="diretor">
            <slot name="id" type="string" format="uuid" optional="true" multivalued="false"/>
            <slot name="nome" type="string" optional="false" multivalued="false"/>
        </record>
        <record name="ator">
            <slot name="id" type="string" format="uuid" optional="true" multivalued="false"/>
            <slot name="nome" type="string" optional="false" multivalued="false"/>
        </record>
        <record name="filme">
            <slot name="id" type="string" format="uuid" optional="true" multivalued="false"/>
            <slot name="nome" type="string" optional="false" multivalued="false"/>
            <slot name="diretor" type="diretor" optional="false" multivalued="false"/>
            <slot name="generos" type="genero" optional="false" multivalued="true"/>
            <slot name="atores" type="ator" optional="false" multivalued="true"/>
        </record>
        <record name="notifyUserEventPayload">
            <slot name="notificationClass" type="string" optional="true" multivalued="false"/>
            <slot name="notificationOrigin" type="string" optional="true" multivalued="false"/>
            <slot name="notificationKind" type="userNotificationKind" optional="false" multivalued="false"/>
            <slot name="notificationPriority" type="userNotificationPriority" optional="false" multivalued="false"/>
            <slot name="notificationSubject" type="string" optional="false" multivalued="false"/>
            <slot name="notificationContent" type="string" optional="false" multivalued="false"/>
            <slot name="sourceDomain" type="string" optional="false" multivalued="false"/>
            <slot name="sourceService" type="string" optional="false" multivalued="false"/>
            <slot name="destinationUser" type="string" optional="false" multivalued="false"/>
            <slot name="link" type="string" optional="true" multivalued="false"/>
        </record>
        <record name="emailNotifyUserEventPayload">
            <slot name="notificationClass" type="string" optional="true" multivalued="false"/>
            <slot name="notificationOrigin" type="string" optional="true" multivalued="false"/>
            <slot name="notificationKind" type="userNotificationKind" optional="false" multivalued="false"/>
            <slot name="notificationPriority" type="userNotificationPriority" optional="false" multivalued="false"/>
            <slot name="notificationSubject" type="string" optional="false" multivalued="false"/>
            <slot name="notificationContent" type="string" optional="false" multivalued="false"/>
            <slot name="sourceDomain" type="string" optional="false" multivalued="false"/>
            <slot name="sourceService" type="string" optional="false" multivalued="false"/>
            <slot name="destinationUser" type="string" optional="false" multivalued="false"/>
            <slot name="link" type="string" optional="true" multivalued="false"/>
            <slot name="from" type="string" optional="false" multivalued="false"/>
            <slot name="sendTo" type="string" optional="true" multivalued="true"/>
            <slot name="format" type="eventEmailFormat" optional="true" multivalued="false"/>
        </record>
        <record name="pushNotifyUserEventPayload">
            <slot name="notificationClass" type="string" optional="true" multivalued="false"/>
            <slot name="notificationOrigin" type="string" optional="true" multivalued="false"/>
            <slot name="notificationKind" type="userNotificationKind" optional="false" multivalued="false"/>
            <slot name="notificationPriority" type="userNotificationPriority" optional="false" multivalued="false"/>
            <slot name="notificationSubject" type="string" optional="false" multivalued="false"/>
            <slot name="notificationContent" type="string" optional="false" multivalued="false"/>
            <slot name="sourceDomain" type="string" optional="false" multivalued="false"/>
            <slot name="sourceService" type="string" optional="false" multivalued="false"/>
            <slot name="destinationUser" type="string" optional="false" multivalued="false"/>
            <slot name="link" type="string" optional="true" multivalued="false"/>
            <slot name="applicationId" type="string" optional="false" multivalued="false"/>
        </record>
        <record name="blobReference">
            <slot name="domainName" type="string" optional="true" multivalued="false"/>
            <slot name="serviceName" type="string" optional="true" multivalued="false"/>
            <slot name="targetObjectId" type="string" optional="false" multivalued="false"/>
            <slot name="targetCopyId" type="string" optional="true" multivalued="false"/>
        </record>
        <record name="basicErrorPayload">
            <slot name="message" type="string" optional="true" multivalued="false"/>
            <slot name="errorCode" type="string" optional="true" multivalued="false"/>
        </record>
        <record name="importError">
            <slot name="errorType" type="errorType" optional="false" multivalued="false"/>
            <slot name="lineNumber" type="integer" optional="false" multivalued="false"/>
            <slot name="bean" type="string" optional="false" multivalued="false"/>
            <slot name="message" type="string" optional="false" multivalued="false"/>
            <slot name="exceptionClass" type="string" optional="false" multivalued="false"/>
        </record>
        <record name="fielddto">
            <slot name="id" type="integer" optional="false" multivalued="false"/>
            <slot name="name" type="string" optional="false" multivalued="false"/>
            <slot name="fieldType" type="fieldType" optional="false" multivalued="false"/>
            <slot name="start" type="integer" optional="true" multivalued="false"/>
            <slot name="size" type="integer" optional="true" multivalued="false"/>
            <slot name="maskPattern" type="string" optional="true" multivalued="false"/>
        </record>
        <record name="hookdto">
            <slot name="hookFunction" type="hookFunction" optional="false" multivalued="false"/>
            <slot name="script" type="string" optional="false" multivalued="false"/>
        </record>
        <record name="layoutdto">
            <slot name="id" type="integer" optional="false" multivalued="false"/>
            <slot name="description" type="string" optional="false" multivalued="false"/>
            <slot name="fileFormat" type="fileFormat" optional="false" multivalued="false"/>
            <slot name="errorStrategy" type="errorStrategy" optional="false" multivalued="false"/>
            <slot name="delimiter" type="string" optional="true" multivalued="false"/>
            <slot name="skipLines" type="integer" optional="false" multivalued="false"/>
            <slot name="fields" type="fielddto" optional="false" multivalued="true"/>
            <slot name="hooks" type="hookdto" optional="true" multivalued="true"/>
        </record>
        <record name="importReport">
            <slot name="id" type="string" optional="false" multivalued="false"/>
            <slot name="startTime" type="dateTime" optional="false" multivalued="false"/>
            <slot name="endTime" type="dateTime" optional="false" multivalued="false"/>
            <slot name="uri" type="string" optional="false" multivalued="false"/>
            <slot name="beanClass" type="string" optional="false" multivalued="false"/>
            <slot name="serviceClass" type="string" optional="false" multivalued="false"/>
            <slot name="layout" type="layoutdto" optional="false" multivalued="false"/>
            <slot name="sucessCount" type="integer" optional="false" multivalued="false"/>
            <slot name="errorsCount" type="integer" optional="false" multivalued="false"/>
            <slot name="filteredCount" type="integer" optional="false" multivalued="false"/>
            <slot name="skippedCount" type="integer" optional="false" multivalued="false"/>
            <slot name="importErrors" type="importError" optional="true" multivalued="true"/>
        </record>
        <record name="exportEventStatus">
            <slot name="importerId" type="string" optional="false" multivalued="false"/>
            <slot name="eventType" type="eventType" optional="false" multivalued="false"/>
            <slot name="recordCount" type="integer" optional="false" multivalued="false"/>
        </record>
        <record name="importEventStatus">
            <slot name="importerId" type="string" optional="false" multivalued="false"/>
            <slot name="eventType" type="eventType" optional="false" multivalued="false"/>
            <slot name="status" type="status" optional="false" multivalued="false"/>
            <slot name="errorMessage" type="string" optional="true" multivalued="false"/>
            <slot name="recordCount" type="integer" optional="false" multivalued="false"/>
            <slot name="importReport" type="importReport" optional="true" multivalued="false"/>
        </record>
        <record name="exportConfig">
            <slot name="uri" type="string" optional="false" multivalued="false"/>
            <slot name="layout" type="layoutdto" optional="false" multivalued="false"/>
            <slot name="async" type="boolean" optional="false" multivalued="false"/>
            <slot name="errorStrategy" type="string" optional="false" multivalued="false"/>
        </record>
        <record name="importConfig">
            <slot name="uri" type="string" optional="false" multivalued="false"/>
            <slot name="layout" type="layoutdto" optional="false" multivalued="false"/>
            <slot name="async" type="boolean" optional="false" multivalued="false"/>
            <slot name="batchSize" type="integer" optional="false" multivalued="false"/>
            <slot name="errorStrategy" type="errorStrategy" optional="false" multivalued="false"/>
        </record>
        <record name="dependency">
            <slot name="domain" type="string" optional="false" multivalued="false"/>
            <slot name="service" type="string" optional="false" multivalued="false"/>
            <slot name="version" type="string" optional="false" multivalued="false"/>
        </record>
    </records>
    <enumerations>
        <enumeration name="userNotificationKind">
            <value name="Operational"/>
            <value name="Management"/>
            <value name="News"/>
        </enumeration>
        <enumeration name="userNotificationPriority">
            <value name="Error"/>
            <value name="Alert"/>
            <value name="None"/>
        </enumeration>
        <enumeration name="eventEmailFormat">
            <value name="HTML"/>
            <value name="PLAIN_TEXT"/>
        </enumeration>
        <enumeration name="fieldType">
            <value name="BINARY"/>
            <value name="BOOLEAN"/>
            <value name="DATE"/>
            <value name="DATETIME"/>
            <value name="DOUBLE"/>
            <value name="ENUM"/>
            <value name="INTEGER"/>
            <value name="MONEY"/>
            <value name="STRING"/>
            <value name="TIME"/>
        </enumeration>
        <enumeration name="fileFormat">
            <value name="CSV"/>
            <value name="FLAT"/>
            <value name="JSON"/>
            <value name="XML"/>
        </enumeration>
        <enumeration name="hookFunction">
            <value name="BEFORE_PARSE"/>
            <value name="BEFORE_CONVERSION"/>
            <value name="ON_ERROR"/>
            <value name="VALIDATE"/>
        </enumeration>
        <enumeration name="eventType">
            <value name="CHUNK"/>
            <value name="DOWNLOAD"/>
            <value name="ERROR"/>
            <value name="FINISH"/>
            <value name="START"/>
        </enumeration>
        <enumeration name="errorStrategy">
            <value name="CALL_SCRIPT"/>
            <value name="IGNORE"/>
            <value name="STOP"/>
        </enumeration>
        <enumeration name="status">
            <value name="DONE"/>
            <value name="DONE_WITH_ERRORS"/>
            <value name="DOWNLOADING"/>
            <value name="ERROR"/>
            <value name="NOT_STARTED"/>
            <value name="RUNNING"/>
        </enumeration>
        <enumeration name="errorType">
            <value name="CONVERT_ERROR"/>
            <value name="SERVICE_ERROR"/>
        </enumeration>
    </enumerations>
</service>
